{
    "accuracy": 0.672906260608118,
    "precision": 0.47938318750906367,
    "recall": 0.7847590409116088,
    "f1": 0.5951866522626335,
    "roc_auc": 0.7698295031153541
}