{
    "accuracy": 0.6725183065806702,
    "precision": 0.4789944404157602,
    "recall": 0.784046846561684,
    "f1": 0.5946821919452614,
    "roc_auc": 0.7699983250866431
}